system,language,tool_acc,arg_f1,ui_guide_acc,n
Qwen3-0.6B BASE + Enhanced Prompt,EN,0.8364,0.6045,,55
Qwen3-0.6B BASE + Enhanced Prompt,HI,0.6667,0.4043,,27
Qwen3-0.6B BASE + Enhanced Prompt,TE,0.8333,0.5833,,18
Qwen3-0.6B BASE + Original Prompt,EN,0.6182,0.4682,0.3273,55
Qwen3-0.6B BASE + Original Prompt,HI,0.5926,0.4846,0.3333,27
Qwen3-0.6B BASE + Original Prompt,TE,0.5556,0.3796,0.4444,18
Qwen3-0.6B-FC v1 (LoRA),EN,0.4364,0.2909,0.2364,55
Qwen3-0.6B-FC v1 (LoRA),HI,0.5926,0.3241,0.3333,27
Qwen3-0.6B-FC v1 (LoRA),TE,0.4444,0.2222,0.3333,18
Heuristic Router,EN,0.4727,0.2855,0.2909,55
Heuristic Router,HI,0.3704,0.2494,0.2222,27
Heuristic Router,TE,0.6667,0.3472,0.2778,18
